﻿<?xml version="1.0" encoding="utf-8"?>
<Project ToolsVersion="12.0" xmlns="http://schemas.microsoft.com/developer/msbuild/2003">
  <PropertyGroup>
    <IncludeCompositeObjects>True</IncludeCompositeObjects>
    <TargetDatabaseName>FrameworkData</TargetDatabaseName>
    <DeployScriptFileName>Genesys.Framework.Test.Database.sql</DeployScriptFileName>
    <TargetConnectionString>Data Source=(localdb)\MSSQLLocalDB;Integrated Security=True;Persist Security Info=False;Pooling=False;MultipleActiveResultSets=False;Connect Timeout=60;Encrypt=False;TrustServerCertificate=True</TargetConnectionString>
    <ProfileVersionNumber>1</ProfileVersionNumber>
    <ScriptDatabaseOptions>True</ScriptDatabaseOptions>
    <BlockOnPossibleDataLoss>False</BlockOnPossibleDataLoss>
    <AllowIncompatiblePlatform>True</AllowIncompatiblePlatform>
  </PropertyGroup>
  <ItemGroup>
    <SqlCmdVariable Include="TargetEnvironment">
      <Value>Dev</Value>
    </SqlCmdVariable>
  </ItemGroup>
</Project>