﻿{
  "DefaultConnection": "Server=tcp:genesysframework.database.windows.net,1433;Initial Catalog=FrameworkData;user id=TestUser; password=57595709-9E9C-47EA-ABBF-4F3BAA1B0D37;Persist Security Info=False;MultipleActiveResultSets=False;Encrypt=True;TrustServerCertificate=False;Connection Timeout=30;Application Name=GoodToCodeFramework;",
  "Example-LocalFile": "Data Source=(LocalDb)\\MSSQLLocalDB;AttachDbFilename=|DataDirectory|\\App_Data\\FrameworkData_Primary.mdf;Integrated Security=True;Application Name=GoodToCodeFramework;",
  "Example-LocalSQL": "data source=.\\;initial catalog=FrameworkData;Integrated Security=True;Multipleactiveresultsets=True;Application Name=GoodToCodeFramework;",
  "Example-SQLServer": "data source=DatabaseServer.test.GoodToCode.com;initial catalog=FrameworkData;user id=TestUser; password=57595709-9E9C-47EA-ABBF-4F3BAA1B0D37;Multipleactiveresultsets=True;Application Name=GoodToCodeFramework;",
  "Example-EDMX": "metadata=res://*/GoodToCode.Framework.Test.csdl|res://*/GoodToCode.Framework.Test.ssdl|res://*/GoodToCode.Framework.Test.msl;provider=System.Data.SqlClient;provider connection string='data source=DatabaseServer.dev.GoodToCode.com;initial catalog=FrameworkData;integrated security=True;MultipleActiveResultSets=True;App=GoodToCodeExtensions'"
}